"0","Idents(cohort2_) <- ""RNA_snn_res.0.4"""
"0","cluster.markers.wilcox_res.0.4 <- FindAllMarkers(object = cohort2_,"
"0","                                                 only.pos = TRUE,"
"0","                                                 min.pct = 0.2,"
"0","                                                 logfc.threshold = 0.2,"
"0","                                                 min.diff.pct = 0.1,"
"0","                                                 test.use = ""wilcox"""
"0",")"
"1",""
"1"," "
"1"," |                                                  |"
"1"," "
"1","0 % ~calculating  "
"1",""
"1"," "
"1"," |+                                                 |"
"1"," "
"1","1 % ~05m 55s      "
